"Time","A-series"
2021-02-14 18:25:32,35
2021-02-14 18:26:32,35
2021-02-14 18:27:32,35
2021-02-14 18:28:32,35
2021-02-14 18:29:32,35
2021-02-14 18:30:32,35
2021-02-14 18:31:32,35
2021-02-14 18:32:32,36
2021-02-14 18:33:32,36
2021-02-14 18:34:32,36
2021-02-14 18:35:32,36
2021-02-14 18:36:32,36
2021-02-14 18:37:32,36
2021-02-14 18:38:32,36
2021-02-14 18:39:32,36
2021-02-14 18:40:32,36
2021-02-14 18:41:32,36
2021-02-14 18:42:32,37
2021-02-14 18:43:32,37
2021-02-14 18:44:32,37
2021-02-14 18:45:32,37
2021-02-14 18:46:32,37
2021-02-14 18:47:32,37
2021-02-14 18:48:32,37
2021-02-14 18:49:32,37
2021-02-14 18:50:32,37
2021-02-14 18:51:32,37
2021-02-14 18:52:32,37
2021-02-14 18:53:32,37
2021-02-14 18:54:32,37
2021-02-14 18:55:32,37
2021-02-14 18:56:32,38
2021-02-14 18:57:32,37
2021-02-14 18:58:32,37
2021-02-14 18:59:32,37
2021-02-14 19:00:32,36
2021-02-14 19:01:32,37
2021-02-14 19:02:32,37
2021-02-14 19:03:32,37
2021-02-14 19:04:32,37
2021-02-14 19:05:32,37
2021-02-14 19:06:32,37
2021-02-14 19:07:32,37
2021-02-14 19:08:32,37
2021-02-14 19:09:32,37
2021-02-14 19:10:32,37
2021-02-14 19:11:32,37
2021-02-14 19:12:32,37
2021-02-14 19:13:32,37
2021-02-14 19:14:32,38
2021-02-14 19:15:32,38
2021-02-14 19:16:32,37
2021-02-14 19:17:32,37
2021-02-14 19:18:32,36
2021-02-14 19:19:32,36
2021-02-14 19:20:32,36
2021-02-14 19:21:32,36
2021-02-14 19:22:32,35
2021-02-14 19:23:32,35
2021-02-14 19:24:32,35
2021-02-14 19:25:32,35
2021-02-14 19:26:32,36
2021-02-14 19:27:32,36
2021-02-14 19:28:32,35
2021-02-14 19:29:32,35
2021-02-14 19:30:32,35
2021-02-14 19:31:32,34
2021-02-14 19:32:32,35
2021-02-14 19:33:32,34
2021-02-14 19:34:32,35
2021-02-14 19:35:32,35
2021-02-14 19:36:32,35
2021-02-14 19:37:32,36
2021-02-14 19:38:32,36
2021-02-14 19:39:32,36
2021-02-14 19:40:32,36
2021-02-14 19:41:32,36
2021-02-14 19:42:32,36
2021-02-14 19:43:32,36
2021-02-14 19:44:32,37
2021-02-14 19:45:32,36
2021-02-14 19:46:32,36
2021-02-14 19:47:32,36
2021-02-14 19:48:32,36
2021-02-14 19:49:32,36
2021-02-14 19:50:32,35
2021-02-14 19:51:32,36
2021-02-14 19:52:32,36
2021-02-14 19:53:32,36
2021-02-14 19:54:32,36
2021-02-14 19:55:32,36
2021-02-14 19:56:32,36
2021-02-14 19:57:32,36
2021-02-14 19:58:32,36
2021-02-14 19:59:32,36
2021-02-14 20:00:32,36
2021-02-14 20:01:32,36
2021-02-14 20:02:32,35
2021-02-14 20:03:32,35
2021-02-14 20:04:32,35
2021-02-14 20:05:32,35
2021-02-14 20:06:32,35
2021-02-14 20:07:32,35
2021-02-14 20:08:32,35
2021-02-14 20:09:32,34
2021-02-14 20:10:32,34
2021-02-14 20:11:32,34
2021-02-14 20:12:32,34
2021-02-14 20:13:32,34
2021-02-14 20:14:32,34
2021-02-14 20:15:32,34
2021-02-14 20:16:32,33
2021-02-14 20:17:32,34
2021-02-14 20:18:32,34
2021-02-14 20:19:32,34
2021-02-14 20:20:32,34
2021-02-14 20:21:32,34
2021-02-14 20:22:32,34
2021-02-14 20:23:32,34
2021-02-14 20:24:32,34
2021-02-14 20:25:32,34
2021-02-14 20:26:32,34
2021-02-14 20:27:32,34
2021-02-14 20:28:32,34
2021-02-14 20:29:32,34
2021-02-14 20:30:32,34
2021-02-14 20:31:32,34
2021-02-14 20:32:32,35
2021-02-14 20:33:32,34
2021-02-14 20:34:32,34
2021-02-14 20:35:32,34
2021-02-14 20:36:32,33
2021-02-14 20:37:32,33
2021-02-14 20:38:32,33
2021-02-14 20:39:32,33
2021-02-14 20:40:32,33
2021-02-14 20:41:32,33
2021-02-14 20:42:32,34
2021-02-14 20:43:32,33
2021-02-14 20:44:32,33
2021-02-14 20:45:32,33
2021-02-14 20:46:32,34
2021-02-14 20:47:32,34
2021-02-14 20:48:32,33
2021-02-14 20:49:32,33
2021-02-14 20:50:32,33
2021-02-14 20:51:32,34
2021-02-14 20:52:32,34
2021-02-14 20:53:32,33
2021-02-14 20:54:32,33
2021-02-14 20:55:32,33
2021-02-14 20:56:32,33
2021-02-14 20:57:32,33
2021-02-14 20:58:32,32
2021-02-14 20:59:32,32
2021-02-14 21:00:32,33
2021-02-14 21:01:32,33
2021-02-14 21:02:32,33
2021-02-14 21:03:32,33
2021-02-14 21:04:32,33
2021-02-14 21:05:32,32
2021-02-14 21:06:32,33
2021-02-14 21:07:32,32
2021-02-14 21:08:32,33
2021-02-14 21:09:32,33
2021-02-14 21:10:32,33
2021-02-14 21:11:32,33
2021-02-14 21:12:32,33
2021-02-14 21:13:32,33
2021-02-14 21:14:32,33
2021-02-14 21:15:32,33
2021-02-14 21:16:32,32
2021-02-14 21:17:32,32
2021-02-14 21:18:32,32
2021-02-14 21:19:32,32
2021-02-14 21:20:32,32
2021-02-14 21:21:32,32
2021-02-14 21:22:32,33
2021-02-14 21:23:32,32
2021-02-14 21:24:32,32
2021-02-14 21:25:32,32
2021-02-14 21:26:32,33
2021-02-14 21:27:32,33
2021-02-14 21:28:32,32
2021-02-14 21:29:32,32
2021-02-14 21:30:32,31
2021-02-14 21:31:32,31
2021-02-14 21:32:32,32
2021-02-14 21:33:32,32
2021-02-14 21:34:32,32
2021-02-14 21:35:32,32
2021-02-14 21:36:32,31
2021-02-14 21:37:32,31
2021-02-14 21:38:32,31
2021-02-14 21:39:32,31
2021-02-14 21:40:32,31
2021-02-14 21:41:32,30
2021-02-14 21:42:32,30
2021-02-14 21:43:32,30
2021-02-14 21:44:32,30
2021-02-14 21:45:32,30
2021-02-14 21:46:32,30
2021-02-14 21:47:32,29
2021-02-14 21:48:32,30
2021-02-14 21:49:32,30
2021-02-14 21:50:32,29
2021-02-14 21:51:32,30
2021-02-14 21:52:32,30
2021-02-14 21:53:32,30
2021-02-14 21:54:32,30
2021-02-14 21:55:32,30
2021-02-14 21:56:32,31
2021-02-14 21:57:32,31
2021-02-14 21:58:32,31
2021-02-14 21:59:32,31
2021-02-14 22:00:32,32
2021-02-14 22:01:32,32
2021-02-14 22:02:32,32
2021-02-14 22:03:32,32
2021-02-14 22:04:32,31
2021-02-14 22:05:32,32
2021-02-14 22:06:32,31
2021-02-14 22:07:32,31
2021-02-14 22:08:32,31
2021-02-14 22:09:32,31
2021-02-14 22:10:32,31
2021-02-14 22:11:32,31
2021-02-14 22:12:32,31
2021-02-14 22:13:32,30
2021-02-14 22:14:32,31
2021-02-14 22:15:32,31
2021-02-14 22:16:32,31
2021-02-14 22:17:32,31
2021-02-14 22:18:32,31
2021-02-14 22:19:32,32
2021-02-14 22:20:32,32
2021-02-14 22:21:32,32
2021-02-14 22:22:32,32
2021-02-14 22:23:32,33
2021-02-14 22:24:32,33
2021-02-14 22:25:32,33
2021-02-14 22:26:32,33
2021-02-14 22:27:32,33
2021-02-14 22:28:32,33
2021-02-14 22:29:32,33
2021-02-14 22:30:32,33
2021-02-14 22:31:32,33
2021-02-14 22:32:32,32
2021-02-14 22:33:32,32
2021-02-14 22:34:32,32
2021-02-14 22:35:32,31
2021-02-14 22:36:32,31
2021-02-14 22:37:32,31
2021-02-14 22:38:32,31
2021-02-14 22:39:32,30
2021-02-14 22:40:32,31
2021-02-14 22:41:32,31
2021-02-14 22:42:32,31
2021-02-14 22:43:32,31
2021-02-14 22:44:32,31
2021-02-14 22:45:32,31
2021-02-14 22:46:32,31
2021-02-14 22:47:32,31
2021-02-14 22:48:32,31
2021-02-14 22:49:32,31
2021-02-14 22:50:32,31
2021-02-14 22:51:32,30
2021-02-14 22:52:32,31
2021-02-14 22:53:32,31
2021-02-14 22:54:32,31
2021-02-14 22:55:32,31
2021-02-14 22:56:32,32
2021-02-14 22:57:32,32
2021-02-14 22:58:32,31
2021-02-14 22:59:32,31
2021-02-14 23:00:32,31
2021-02-14 23:01:32,31
2021-02-14 23:02:32,31
2021-02-14 23:03:32,31
2021-02-14 23:04:32,31
2021-02-14 23:05:32,32
2021-02-14 23:06:32,32
2021-02-14 23:07:32,32
2021-02-14 23:08:32,32
2021-02-14 23:09:32,32
2021-02-14 23:10:32,32
2021-02-14 23:11:32,32
2021-02-14 23:12:32,31
2021-02-14 23:13:32,31
2021-02-14 23:14:32,31
2021-02-14 23:15:32,32
2021-02-14 23:16:32,32
2021-02-14 23:17:32,32
2021-02-14 23:18:32,33
2021-02-14 23:19:32,32
2021-02-14 23:20:32,33
2021-02-14 23:21:32,32
2021-02-14 23:22:32,32
2021-02-14 23:23:32,31
2021-02-14 23:24:32,32
2021-02-14 23:25:32,32
2021-02-14 23:26:32,32
2021-02-14 23:27:32,32
2021-02-14 23:28:32,32
2021-02-14 23:29:32,32
2021-02-14 23:30:32,32
2021-02-14 23:31:32,32
2021-02-14 23:32:32,32
2021-02-14 23:33:32,32
2021-02-14 23:34:32,32
2021-02-14 23:35:32,32
2021-02-14 23:36:32,32
2021-02-14 23:37:32,32
2021-02-14 23:38:32,33
2021-02-14 23:39:32,33
2021-02-14 23:40:32,33
2021-02-14 23:41:32,33
2021-02-14 23:42:32,33
2021-02-14 23:43:32,34
2021-02-14 23:44:32,34
2021-02-14 23:45:32,34
2021-02-14 23:46:32,34
2021-02-14 23:47:32,34
2021-02-14 23:48:32,33
2021-02-14 23:49:32,33
2021-02-14 23:50:32,33
2021-02-14 23:51:32,33
2021-02-14 23:52:32,33
2021-02-14 23:53:32,33
2021-02-14 23:54:32,33
2021-02-14 23:55:32,33
2021-02-14 23:56:32,33
2021-02-14 23:57:32,33
2021-02-14 23:58:32,33
2021-02-14 23:59:32,33
2021-02-15 00:00:32,33
2021-02-15 00:01:32,33
2021-02-15 00:02:32,33
2021-02-15 00:03:32,33
2021-02-15 00:04:32,33
2021-02-15 00:05:32,33
2021-02-15 00:06:32,32
2021-02-15 00:07:32,32
2021-02-15 00:08:32,32
2021-02-15 00:09:32,32
2021-02-15 00:10:32,33
2021-02-15 00:11:32,33
2021-02-15 00:12:32,32
2021-02-15 00:13:32,32
2021-02-15 00:14:32,33
2021-02-15 00:15:32,33
2021-02-15 00:16:32,33
2021-02-15 00:17:32,33
2021-02-15 00:18:32,33
2021-02-15 00:19:32,33
2021-02-15 00:20:32,33
2021-02-15 00:21:32,34
2021-02-15 00:22:32,34
2021-02-15 00:23:32,33
2021-02-15 00:24:32,34
2021-02-15 00:25:32,34
2021-02-15 00:26:32,33
2021-02-15 00:27:32,33
2021-02-15 00:28:32,33
2021-02-15 00:29:32,33
2021-02-15 00:30:32,33
2021-02-15 00:31:32,33
2021-02-15 00:32:32,34
2021-02-15 00:33:32,34
2021-02-15 00:34:32,35
2021-02-15 00:35:32,34
2021-02-15 00:36:32,34
2021-02-15 00:37:32,34
2021-02-15 00:38:32,34
2021-02-15 00:39:32,34
2021-02-15 00:40:32,34
2021-02-15 00:41:32,34
2021-02-15 00:42:32,34
2021-02-15 00:43:32,34
2021-02-15 00:44:32,34
2021-02-15 00:45:32,34
2021-02-15 00:46:32,34
2021-02-15 00:47:32,34
2021-02-15 00:48:32,34
2021-02-15 00:49:32,34
2021-02-15 00:50:32,34
2021-02-15 00:51:32,34
2021-02-15 00:52:32,34
2021-02-15 00:53:32,34
2021-02-15 00:54:32,34
2021-02-15 00:55:32,33
2021-02-15 00:56:32,33
2021-02-15 00:57:32,33
2021-02-15 00:58:32,32
2021-02-15 00:59:32,33
2021-02-15 01:00:32,32
2021-02-15 01:01:32,32
2021-02-15 01:02:32,33
2021-02-15 01:03:32,33
2021-02-15 01:04:32,33
2021-02-15 01:05:32,33
2021-02-15 01:06:32,33
2021-02-15 01:07:32,33
2021-02-15 01:08:32,33
2021-02-15 01:09:32,33
2021-02-15 01:10:32,33
2021-02-15 01:11:32,33
2021-02-15 01:12:32,33
2021-02-15 01:13:32,33
2021-02-15 01:14:32,34
2021-02-15 01:15:32,34
2021-02-15 01:16:32,34
2021-02-15 01:17:32,35
2021-02-15 01:18:32,35
2021-02-15 01:19:32,35
2021-02-15 01:20:32,35
2021-02-15 01:21:32,35
2021-02-15 01:22:32,35
2021-02-15 01:23:32,34
2021-02-15 01:24:32,35
2021-02-15 01:25:32,35
2021-02-15 01:26:32,34
2021-02-15 01:27:32,35
2021-02-15 01:28:32,35
2021-02-15 01:29:32,34
2021-02-15 01:30:32,34
2021-02-15 01:31:32,34
2021-02-15 01:32:32,33
2021-02-15 01:33:32,33
2021-02-15 01:34:32,33
2021-02-15 01:35:32,33
2021-02-15 01:36:32,33
2021-02-15 01:37:32,33
2021-02-15 01:38:32,33
2021-02-15 01:39:32,33
2021-02-15 01:40:32,32
2021-02-15 01:41:32,33
2021-02-15 01:42:32,32
2021-02-15 01:43:32,32
2021-02-15 01:44:32,32
2021-02-15 01:45:32,33
2021-02-15 01:46:32,33
2021-02-15 01:47:32,33
2021-02-15 01:48:32,33
2021-02-15 01:49:32,34
2021-02-15 01:50:32,34
2021-02-15 01:51:32,34
2021-02-15 01:52:32,33
2021-02-15 01:53:32,33
2021-02-15 01:54:32,33
2021-02-15 01:55:32,32
2021-02-15 01:56:32,33
2021-02-15 01:57:32,33
2021-02-15 01:58:32,33
2021-02-15 01:59:32,33
2021-02-15 02:00:32,32
2021-02-15 02:01:32,32
2021-02-15 02:02:32,32
2021-02-15 02:03:32,32
2021-02-15 02:04:32,32
2021-02-15 02:05:32,33
2021-02-15 02:06:32,33
2021-02-15 02:07:32,33
2021-02-15 02:08:32,33
2021-02-15 02:09:32,33
2021-02-15 02:10:32,33
2021-02-15 02:11:32,33
2021-02-15 02:12:32,33
2021-02-15 02:13:32,33
2021-02-15 02:14:32,33
2021-02-15 02:15:32,33
2021-02-15 02:16:32,33
2021-02-15 02:17:32,32
2021-02-15 02:18:32,33
2021-02-15 02:19:32,33
2021-02-15 02:20:32,33
2021-02-15 02:21:32,33
2021-02-15 02:22:32,33
2021-02-15 02:23:32,33
2021-02-15 02:24:32,33
2021-02-15 02:25:32,33
2021-02-15 02:26:32,33
2021-02-15 02:27:32,33
2021-02-15 02:28:32,33
2021-02-15 02:29:32,34
2021-02-15 02:30:32,33
2021-02-15 02:31:32,33
2021-02-15 02:32:32,33
2021-02-15 02:33:32,33
2021-02-15 02:34:32,33
2021-02-15 02:35:32,33
2021-02-15 02:36:32,33
2021-02-15 02:37:32,33
2021-02-15 02:38:32,32
2021-02-15 02:39:32,33
2021-02-15 02:40:32,33
2021-02-15 02:41:32,33
2021-02-15 02:42:32,33
2021-02-15 02:43:32,33
2021-02-15 02:44:32,33
2021-02-15 02:45:32,33
2021-02-15 02:46:32,33
2021-02-15 02:47:32,33
2021-02-15 02:48:32,33
2021-02-15 02:49:32,33
2021-02-15 02:50:32,33
2021-02-15 02:51:32,33
2021-02-15 02:52:32,33
2021-02-15 02:53:32,33
2021-02-15 02:54:32,34
2021-02-15 02:55:32,34
2021-02-15 02:56:32,34
2021-02-15 02:57:32,34
2021-02-15 02:58:32,34
2021-02-15 02:59:32,34
2021-02-15 03:00:32,34
2021-02-15 03:01:32,34
2021-02-15 03:02:32,35
2021-02-15 03:03:32,35
2021-02-15 03:04:32,35
2021-02-15 03:05:32,35
2021-02-15 03:06:32,35
2021-02-15 03:07:32,35
2021-02-15 03:08:32,35
2021-02-15 03:09:32,35
2021-02-15 03:10:32,36
2021-02-15 03:11:32,35
2021-02-15 03:12:32,35
2021-02-15 03:13:32,35
2021-02-15 03:14:32,36
2021-02-15 03:15:32,35
2021-02-15 03:16:32,35
2021-02-15 03:17:32,35
2021-02-15 03:18:32,35
2021-02-15 03:19:32,36
2021-02-15 03:20:32,36
2021-02-15 03:21:32,35
2021-02-15 03:22:32,35
2021-02-15 03:23:32,36
2021-02-15 03:24:32,36
2021-02-15 03:25:32,35
2021-02-15 03:26:32,35
2021-02-15 03:27:32,35
2021-02-15 03:28:32,35
2021-02-15 03:29:32,35
2021-02-15 03:30:32,35
2021-02-15 03:31:32,35
2021-02-15 03:32:32,36
2021-02-15 03:33:32,35
2021-02-15 03:34:32,35
2021-02-15 03:35:32,35
2021-02-15 03:36:32,34
2021-02-15 03:37:32,34
2021-02-15 03:38:32,34
2021-02-15 03:39:32,34
2021-02-15 03:40:32,34
2021-02-15 03:41:32,35
2021-02-15 03:42:32,35
2021-02-15 03:43:32,35
2021-02-15 03:44:32,35
2021-02-15 03:45:32,35
2021-02-15 03:46:32,35
2021-02-15 03:47:32,35
2021-02-15 03:48:32,35
2021-02-15 03:49:32,35
2021-02-15 03:50:32,35
2021-02-15 03:51:32,34
2021-02-15 03:52:32,35
2021-02-15 03:53:32,34
2021-02-15 03:54:32,34
2021-02-15 03:55:32,34
2021-02-15 03:56:32,33
2021-02-15 03:57:32,33
2021-02-15 03:58:32,33
2021-02-15 03:59:32,33
2021-02-15 04:00:32,33
2021-02-15 04:01:32,33
2021-02-15 04:02:32,34
2021-02-15 04:03:32,34
2021-02-15 04:04:32,33
2021-02-15 04:05:32,33
2021-02-15 04:06:32,33
2021-02-15 04:07:32,32
2021-02-15 04:08:32,33
2021-02-15 04:09:32,32
2021-02-15 04:10:32,32
2021-02-15 04:11:32,32
2021-02-15 04:12:32,32
2021-02-15 04:13:32,33
2021-02-15 04:14:32,32
2021-02-15 04:15:32,32
2021-02-15 04:16:32,32
2021-02-15 04:17:32,33
2021-02-15 04:18:32,32
2021-02-15 04:19:32,33
2021-02-15 04:20:32,33
2021-02-15 04:21:32,32
2021-02-15 04:22:32,32
2021-02-15 04:23:32,31
2021-02-15 04:24:32,32
2021-02-15 04:25:32,32
2021-02-15 04:26:32,32
2021-02-15 04:27:32,32
2021-02-15 04:28:32,31
2021-02-15 04:29:32,31
2021-02-15 04:30:32,31
2021-02-15 04:31:32,31
2021-02-15 04:32:32,31
2021-02-15 04:33:32,31
2021-02-15 04:34:32,31
2021-02-15 04:35:32,31
2021-02-15 04:36:32,31
2021-02-15 04:37:32,31
2021-02-15 04:38:32,30
2021-02-15 04:39:32,30
2021-02-15 04:40:32,29
2021-02-15 04:41:32,30
2021-02-15 04:42:32,29
2021-02-15 04:43:32,29
2021-02-15 04:44:32,29
2021-02-15 04:45:32,29
2021-02-15 04:46:32,29
2021-02-15 04:47:32,29
2021-02-15 04:48:32,30
2021-02-15 04:49:32,29
2021-02-15 04:50:32,30
2021-02-15 04:51:32,30
2021-02-15 04:52:32,30
2021-02-15 04:53:32,30
2021-02-15 04:54:32,30
2021-02-15 04:55:32,30
2021-02-15 04:56:32,29
2021-02-15 04:57:32,29
2021-02-15 04:58:32,30
2021-02-15 04:59:32,29
2021-02-15 05:00:32,29
2021-02-15 05:01:32,29
2021-02-15 05:02:32,29
2021-02-15 05:03:32,29
2021-02-15 05:04:32,29
2021-02-15 05:05:32,29
2021-02-15 05:06:32,29
2021-02-15 05:07:32,28
2021-02-15 05:08:32,28
2021-02-15 05:09:32,28
2021-02-15 05:10:32,28
2021-02-15 05:11:32,28
2021-02-15 05:12:32,28
2021-02-15 05:13:32,28
2021-02-15 05:14:32,28
2021-02-15 05:15:32,28
2021-02-15 05:16:32,28
2021-02-15 05:17:32,28
2021-02-15 05:18:32,28
2021-02-15 05:19:32,27
2021-02-15 05:20:32,27
2021-02-15 05:21:32,27
2021-02-15 05:22:32,27
2021-02-15 05:23:32,27
2021-02-15 05:24:32,28
2021-02-15 05:25:32,28
2021-02-15 05:26:32,28
2021-02-15 05:27:32,28
2021-02-15 05:28:32,28
2021-02-15 05:29:32,28
2021-02-15 05:30:32,28
2021-02-15 05:31:32,28
2021-02-15 05:32:32,28
2021-02-15 05:33:32,28
2021-02-15 05:34:32,28
2021-02-15 05:35:32,28
2021-02-15 05:36:32,28
2021-02-15 05:37:32,28
2021-02-15 05:38:32,28
2021-02-15 05:39:32,29
2021-02-15 05:40:32,28
2021-02-15 05:41:32,28
2021-02-15 05:42:32,28
2021-02-15 05:43:32,28
2021-02-15 05:44:32,28
2021-02-15 05:45:32,28
2021-02-15 05:46:32,29
2021-02-15 05:47:32,29
2021-02-15 05:48:32,29
2021-02-15 05:49:32,29
2021-02-15 05:50:32,29
2021-02-15 05:51:32,29
2021-02-15 05:52:32,29
2021-02-15 05:53:32,29
2021-02-15 05:54:32,29
2021-02-15 05:55:32,29
2021-02-15 05:56:32,30
2021-02-15 05:57:32,30
2021-02-15 05:58:32,30
2021-02-15 05:59:32,30
2021-02-15 06:00:32,30
2021-02-15 06:01:32,30
2021-02-15 06:02:32,31
2021-02-15 06:03:32,31
2021-02-15 06:04:32,32
2021-02-15 06:05:32,31
2021-02-15 06:06:32,31
2021-02-15 06:07:32,31
2021-02-15 06:08:32,31
2021-02-15 06:09:32,31
2021-02-15 06:10:32,31
2021-02-15 06:11:32,30
2021-02-15 06:12:32,30
2021-02-15 06:13:32,30
2021-02-15 06:14:32,30
2021-02-15 06:15:32,30
2021-02-15 06:16:32,30
2021-02-15 06:17:32,31
2021-02-15 06:18:32,31
2021-02-15 06:19:32,31
2021-02-15 06:20:32,31
2021-02-15 06:21:32,31
2021-02-15 06:22:32,31
2021-02-15 06:23:32,31
2021-02-15 06:24:32,32
2021-02-15 06:25:32,32
2021-02-15 06:26:32,32
2021-02-15 06:27:32,33
2021-02-15 06:28:32,32
2021-02-15 06:29:32,32
2021-02-15 06:30:32,32
2021-02-15 06:31:32,32
2021-02-15 06:32:32,32
2021-02-15 06:33:32,32
2021-02-15 06:34:32,32
2021-02-15 06:35:32,32
2021-02-15 06:36:32,33
2021-02-15 06:37:32,33
2021-02-15 06:38:32,33
2021-02-15 06:39:32,33
2021-02-15 06:40:32,33
2021-02-15 06:41:32,33
2021-02-15 06:42:32,33
2021-02-15 06:43:32,33
2021-02-15 06:44:32,33
2021-02-15 06:45:32,33
2021-02-15 06:46:32,33
2021-02-15 06:47:32,32
2021-02-15 06:48:32,33
2021-02-15 06:49:32,33
2021-02-15 06:50:32,33
2021-02-15 06:51:32,33
2021-02-15 06:52:32,33
2021-02-15 06:53:32,33
2021-02-15 06:54:32,33
2021-02-15 06:55:32,33
2021-02-15 06:56:32,33
2021-02-15 06:57:32,33
2021-02-15 06:58:32,33
2021-02-15 06:59:32,32
2021-02-15 07:00:32,32
2021-02-15 07:01:32,32
2021-02-15 07:02:32,32
2021-02-15 07:03:32,32
2021-02-15 07:04:32,32
2021-02-15 07:05:32,32
2021-02-15 07:06:32,32
2021-02-15 07:07:32,32
2021-02-15 07:08:32,32
2021-02-15 07:09:32,31
2021-02-15 07:10:32,31
2021-02-15 07:11:32,31
2021-02-15 07:12:32,31
2021-02-15 07:13:32,31
2021-02-15 07:14:32,31
2021-02-15 07:15:32,31
2021-02-15 07:16:32,31
2021-02-15 07:17:32,31
2021-02-15 07:18:32,31
2021-02-15 07:19:32,31
2021-02-15 07:20:32,30
2021-02-15 07:21:32,30
2021-02-15 07:22:32,30
2021-02-15 07:23:32,29
2021-02-15 07:24:32,30
2021-02-15 07:25:32,30
2021-02-15 07:26:32,30
2021-02-15 07:27:32,30
2021-02-15 07:28:32,30
2021-02-15 07:29:32,30
2021-02-15 07:30:32,31
2021-02-15 07:31:32,30
2021-02-15 07:32:32,31
2021-02-15 07:33:32,31
2021-02-15 07:34:32,31
2021-02-15 07:35:32,31
2021-02-15 07:36:32,31
2021-02-15 07:37:32,31
2021-02-15 07:38:32,31
2021-02-15 07:39:32,31
2021-02-15 07:40:32,31
2021-02-15 07:41:32,31
2021-02-15 07:42:32,31
2021-02-15 07:43:32,31
2021-02-15 07:44:32,31
2021-02-15 07:45:32,30
2021-02-15 07:46:32,30
2021-02-15 07:47:32,30
2021-02-15 07:48:32,30
2021-02-15 07:49:32,29
2021-02-15 07:50:32,30
2021-02-15 07:51:32,30
2021-02-15 07:52:32,29
2021-02-15 07:53:32,29
2021-02-15 07:54:32,29
2021-02-15 07:55:32,29
2021-02-15 07:56:32,28
2021-02-15 07:57:32,28
2021-02-15 07:58:32,29
2021-02-15 07:59:32,29
2021-02-15 08:00:32,29
2021-02-15 08:01:32,29
2021-02-15 08:02:32,28
2021-02-15 08:03:32,28
2021-02-15 08:04:32,28
2021-02-15 08:05:32,28
2021-02-15 08:06:32,28
2021-02-15 08:07:32,28
2021-02-15 08:08:32,28
2021-02-15 08:09:32,28
2021-02-15 08:10:32,28
2021-02-15 08:11:32,28
2021-02-15 08:12:32,28
2021-02-15 08:13:32,28
2021-02-15 08:14:32,28
2021-02-15 08:15:32,28
2021-02-15 08:16:32,28
2021-02-15 08:17:32,28
2021-02-15 08:18:32,28
2021-02-15 08:19:32,28
2021-02-15 08:20:32,28
2021-02-15 08:21:32,28
2021-02-15 08:22:32,28
2021-02-15 08:23:32,28
2021-02-15 08:24:32,27
2021-02-15 08:25:32,27
2021-02-15 08:26:32,27
2021-02-15 08:27:32,27
2021-02-15 08:28:32,27
2021-02-15 08:29:32,27
2021-02-15 08:30:32,27
2021-02-15 08:31:32,28
2021-02-15 08:32:32,28
2021-02-15 08:33:32,28
2021-02-15 08:34:32,28
2021-02-15 08:35:32,28
2021-02-15 08:36:32,29
2021-02-15 08:37:32,29
2021-02-15 08:38:32,29
2021-02-15 08:39:32,28
2021-02-15 08:40:32,29
2021-02-15 08:41:32,29
2021-02-15 08:42:32,29
2021-02-15 08:43:32,29
2021-02-15 08:44:32,29
2021-02-15 08:45:32,29
2021-02-15 08:46:32,29
2021-02-15 08:47:32,29
2021-02-15 08:48:32,29
2021-02-15 08:49:32,29
2021-02-15 08:50:32,29
2021-02-15 08:51:32,29
2021-02-15 08:52:32,30
2021-02-15 08:53:32,30
2021-02-15 08:54:32,29
2021-02-15 08:55:32,29
2021-02-15 08:56:32,30
2021-02-15 08:57:32,30
2021-02-15 08:58:32,30
2021-02-15 08:59:32,30
2021-02-15 09:00:32,30
2021-02-15 09:01:32,31
2021-02-15 09:02:32,31
2021-02-15 09:03:32,30
2021-02-15 09:04:32,31
2021-02-15 09:05:32,31
2021-02-15 09:06:32,31
2021-02-15 09:07:32,31
2021-02-15 09:08:32,31
2021-02-15 09:09:32,32
2021-02-15 09:10:32,32
2021-02-15 09:11:32,32
2021-02-15 09:12:32,32
2021-02-15 09:13:32,31
2021-02-15 09:14:32,31
2021-02-15 09:15:32,32
2021-02-15 09:16:32,32
2021-02-15 09:17:32,32
2021-02-15 09:18:32,32
2021-02-15 09:19:32,32
2021-02-15 09:20:32,32
2021-02-15 09:21:32,32
2021-02-15 09:22:32,33
2021-02-15 09:23:32,33
2021-02-15 09:24:32,33
2021-02-15 09:25:32,33
2021-02-15 09:26:32,34
2021-02-15 09:27:32,33
2021-02-15 09:28:32,34
2021-02-15 09:29:32,33
2021-02-15 09:30:32,33
2021-02-15 09:31:32,34
2021-02-15 09:32:32,34
2021-02-15 09:33:32,34
2021-02-15 09:34:32,34
2021-02-15 09:35:32,34
2021-02-15 09:36:32,33
2021-02-15 09:37:32,33
2021-02-15 09:38:32,33
2021-02-15 09:39:32,33
2021-02-15 09:40:32,33
2021-02-15 09:41:32,33
2021-02-15 09:42:32,33
2021-02-15 09:43:32,33
2021-02-15 09:44:32,32
2021-02-15 09:45:32,33
2021-02-15 09:46:32,33
2021-02-15 09:47:32,33
2021-02-15 09:48:32,33
2021-02-15 09:49:32,33
2021-02-15 09:50:32,33
2021-02-15 09:51:32,33
2021-02-15 09:52:32,33
2021-02-15 09:53:32,33
2021-02-15 09:54:32,34
2021-02-15 09:55:32,34
2021-02-15 09:56:32,33
2021-02-15 09:57:32,34
2021-02-15 09:58:32,34
2021-02-15 09:59:32,34
2021-02-15 10:00:32,33
2021-02-15 10:01:32,34
2021-02-15 10:02:32,33
2021-02-15 10:03:32,33
2021-02-15 10:04:32,34
2021-02-15 10:05:32,34
2021-02-15 10:06:32,34
2021-02-15 10:07:32,34
2021-02-15 10:08:32,34
2021-02-15 10:09:32,34
2021-02-15 10:10:32,35
2021-02-15 10:11:32,34
2021-02-15 10:12:32,34
2021-02-15 10:13:32,34
2021-02-15 10:14:32,33
2021-02-15 10:15:32,34
2021-02-15 10:16:32,34
2021-02-15 10:17:32,33
2021-02-15 10:18:32,33
2021-02-15 10:19:32,33
2021-02-15 10:20:32,33
2021-02-15 10:21:32,33
2021-02-15 10:22:32,33
2021-02-15 10:23:32,33
2021-02-15 10:24:32,33
2021-02-15 10:25:32,33
2021-02-15 10:26:32,33
2021-02-15 10:27:32,34
2021-02-15 10:28:32,34
2021-02-15 10:29:32,34
2021-02-15 10:30:32,34
2021-02-15 10:31:32,34
2021-02-15 10:32:32,34
2021-02-15 10:33:32,34
2021-02-15 10:34:32,35
2021-02-15 10:35:32,35
2021-02-15 10:36:32,35
2021-02-15 10:37:32,34
2021-02-15 10:38:32,34
2021-02-15 10:39:32,34
2021-02-15 10:40:32,34
2021-02-15 10:41:32,33
2021-02-15 10:42:32,34
2021-02-15 10:43:32,34
2021-02-15 10:44:32,34
2021-02-15 10:45:32,34
2021-02-15 10:46:32,34
2021-02-15 10:47:32,34
2021-02-15 10:48:32,33
2021-02-15 10:49:32,34
2021-02-15 10:50:32,33
2021-02-15 10:51:32,33
2021-02-15 10:52:32,33
2021-02-15 10:53:32,33
2021-02-15 10:54:32,33
2021-02-15 10:55:32,33
2021-02-15 10:56:32,33
2021-02-15 10:57:32,33
2021-02-15 10:58:32,33
2021-02-15 10:59:32,33
2021-02-15 11:00:32,33
2021-02-15 11:01:32,33
2021-02-15 11:02:32,34
2021-02-15 11:03:32,34
2021-02-15 11:04:32,33
2021-02-15 11:05:32,34
2021-02-15 11:06:32,34
2021-02-15 11:07:32,34
2021-02-15 11:08:32,34
2021-02-15 11:09:32,34
2021-02-15 11:10:32,35
2021-02-15 11:11:32,35
2021-02-15 11:12:32,34
2021-02-15 11:13:32,34
2021-02-15 11:14:32,34
2021-02-15 11:15:32,34
2021-02-15 11:16:32,34
2021-02-15 11:17:32,34
2021-02-15 11:18:32,34
2021-02-15 11:19:32,34
2021-02-15 11:20:32,34
2021-02-15 11:21:32,34
2021-02-15 11:22:32,34
2021-02-15 11:23:32,34
2021-02-15 11:24:32,34
2021-02-15 11:25:32,34
2021-02-15 11:26:32,34
2021-02-15 11:27:32,34
2021-02-15 11:28:32,34
2021-02-15 11:29:32,35
2021-02-15 11:30:32,35
2021-02-15 11:31:32,34
2021-02-15 11:32:32,35
2021-02-15 11:33:32,35
2021-02-15 11:34:32,35
2021-02-15 11:35:32,36
2021-02-15 11:36:32,35
2021-02-15 11:37:32,35
2021-02-15 11:38:32,35
2021-02-15 11:39:32,35
2021-02-15 11:40:32,34
2021-02-15 11:41:32,34
2021-02-15 11:42:32,34
2021-02-15 11:43:32,34
2021-02-15 11:44:32,34
2021-02-15 11:45:32,35
2021-02-15 11:46:32,34
2021-02-15 11:47:32,34
2021-02-15 11:48:32,35
2021-02-15 11:49:32,34
2021-02-15 11:50:32,34
2021-02-15 11:51:32,34
2021-02-15 11:52:32,34
2021-02-15 11:53:32,34
2021-02-15 11:54:32,34
2021-02-15 11:55:32,34
2021-02-15 11:56:32,34
2021-02-15 11:57:32,34
2021-02-15 11:58:32,34
2021-02-15 11:59:32,34
2021-02-15 12:00:32,34
2021-02-15 12:01:32,34
2021-02-15 12:02:32,34
2021-02-15 12:03:32,33
2021-02-15 12:04:32,33
2021-02-15 12:05:32,33
2021-02-15 12:06:32,33
2021-02-15 12:07:32,34
2021-02-15 12:08:32,34
2021-02-15 12:09:32,34
2021-02-15 12:10:32,34
2021-02-15 12:11:32,35
2021-02-15 12:12:32,35
2021-02-15 12:13:32,34
2021-02-15 12:14:32,35
2021-02-15 12:15:32,35
2021-02-15 12:16:32,35
2021-02-15 12:17:32,35
2021-02-15 12:18:32,35
2021-02-15 12:19:32,34
2021-02-15 12:20:32,35
2021-02-15 12:21:32,34
2021-02-15 12:22:32,34
2021-02-15 12:23:32,35
2021-02-15 12:24:32,35
2021-02-15 12:25:32,35
2021-02-15 12:26:32,35
2021-02-15 12:27:32,35
2021-02-15 12:28:32,35
2021-02-15 12:29:32,35
2021-02-15 12:30:32,35
2021-02-15 12:31:32,35
2021-02-15 12:32:32,35
2021-02-15 12:33:32,35
2021-02-15 12:34:32,36
2021-02-15 12:35:32,36
2021-02-15 12:36:32,36
2021-02-15 12:37:32,36
2021-02-15 12:38:32,36
2021-02-15 12:39:32,37
2021-02-15 12:40:32,37
2021-02-15 12:41:32,37
2021-02-15 12:42:32,37
2021-02-15 12:43:32,37
2021-02-15 12:44:32,36
2021-02-15 12:45:32,36
2021-02-15 12:46:32,36
2021-02-15 12:47:32,36
2021-02-15 12:48:32,36
2021-02-15 12:49:32,36
2021-02-15 12:50:32,36
2021-02-15 12:51:32,36
2021-02-15 12:52:32,35
2021-02-15 12:53:32,35
2021-02-15 12:54:32,36
2021-02-15 12:55:32,35
2021-02-15 12:56:32,36
2021-02-15 12:57:32,36
2021-02-15 12:58:32,36
2021-02-15 12:59:32,36
2021-02-15 13:00:32,36
2021-02-15 13:01:32,36
2021-02-15 13:02:32,36
2021-02-15 13:03:32,36
2021-02-15 13:04:32,36
2021-02-15 13:05:32,36
2021-02-15 13:06:32,36
2021-02-15 13:07:32,36
2021-02-15 13:08:32,36
2021-02-15 13:09:32,36
2021-02-15 13:10:32,36
2021-02-15 13:11:32,36
2021-02-15 13:12:32,36
2021-02-15 13:13:32,35
2021-02-15 13:14:32,35
2021-02-15 13:15:32,35
2021-02-15 13:16:32,34
2021-02-15 13:17:32,35
2021-02-15 13:18:32,34
2021-02-15 13:19:32,34
2021-02-15 13:20:32,34
2021-02-15 13:21:32,34
2021-02-15 13:22:32,33
2021-02-15 13:23:32,34
2021-02-15 13:24:32,33
2021-02-15 13:25:32,33
2021-02-15 13:26:32,33
2021-02-15 13:27:32,33
2021-02-15 13:28:32,33
2021-02-15 13:29:32,33
2021-02-15 13:30:32,32
2021-02-15 13:31:32,32
2021-02-15 13:32:32,32
2021-02-15 13:33:32,32
2021-02-15 13:34:32,31
2021-02-15 13:35:32,31
2021-02-15 13:36:32,31
2021-02-15 13:37:32,31
2021-02-15 13:38:32,31
2021-02-15 13:39:32,31
2021-02-15 13:40:32,31
2021-02-15 13:41:32,31
2021-02-15 13:42:32,31
2021-02-15 13:43:32,31
2021-02-15 13:44:32,31
2021-02-15 13:45:32,31
2021-02-15 13:46:32,30
2021-02-15 13:47:32,30
2021-02-15 13:48:32,30
2021-02-15 13:49:32,30
2021-02-15 13:50:32,30
2021-02-15 13:51:32,29
2021-02-15 13:52:32,29
2021-02-15 13:53:32,29
2021-02-15 13:54:32,29
2021-02-15 13:55:32,29
2021-02-15 13:56:32,29
2021-02-15 13:57:32,29
2021-02-15 13:58:32,29
2021-02-15 13:59:32,29
2021-02-15 14:00:32,29
2021-02-15 14:01:32,29
2021-02-15 14:02:32,30
2021-02-15 14:03:32,30
2021-02-15 14:04:32,30
2021-02-15 14:05:32,30
2021-02-15 14:06:32,30
2021-02-15 14:07:32,30
2021-02-15 14:08:32,30
2021-02-15 14:09:32,30
2021-02-15 14:10:32,29
2021-02-15 14:11:32,30
2021-02-15 14:12:32,30
2021-02-15 14:13:32,30
2021-02-15 14:14:32,30
2021-02-15 14:15:32,29
2021-02-15 14:16:32,29
2021-02-15 14:17:32,29
2021-02-15 14:18:32,29
2021-02-15 14:19:32,30
2021-02-15 14:20:32,30
2021-02-15 14:21:32,30
2021-02-15 14:22:32,29
2021-02-15 14:23:32,29
2021-02-15 14:24:32,30
2021-02-15 14:25:32,29
2021-02-15 14:26:32,29
2021-02-15 14:27:32,29
2021-02-15 14:28:32,30
2021-02-15 14:29:32,29
2021-02-15 14:30:32,29
2021-02-15 14:31:32,29
2021-02-15 14:32:32,29
2021-02-15 14:33:32,29
2021-02-15 14:34:32,30
2021-02-15 14:35:32,29
2021-02-15 14:36:32,29
2021-02-15 14:37:32,30
2021-02-15 14:38:32,29
2021-02-15 14:39:32,30
2021-02-15 14:40:32,30
2021-02-15 14:41:32,30
2021-02-15 14:42:32,31
2021-02-15 14:43:32,30
2021-02-15 14:44:32,30
2021-02-15 14:45:32,31
2021-02-15 14:46:32,31
2021-02-15 14:47:32,31
2021-02-15 14:48:32,31
2021-02-15 14:49:32,31
2021-02-15 14:50:32,32
2021-02-15 14:51:32,31
2021-02-15 14:52:32,31
2021-02-15 14:53:32,31
2021-02-15 14:54:32,31
2021-02-15 14:55:32,31
2021-02-15 14:56:32,31
2021-02-15 14:57:32,31
2021-02-15 14:58:32,31
2021-02-15 14:59:32,31
2021-02-15 15:00:32,31
2021-02-15 15:01:32,31
2021-02-15 15:02:32,31
2021-02-15 15:03:32,31
2021-02-15 15:04:32,31
2021-02-15 15:05:32,31
2021-02-15 15:06:32,31
2021-02-15 15:07:32,31
2021-02-15 15:08:32,31
2021-02-15 15:09:32,31
2021-02-15 15:10:32,32
2021-02-15 15:11:32,32
2021-02-15 15:12:32,32
2021-02-15 15:13:32,32
2021-02-15 15:14:32,32
2021-02-15 15:15:32,32
2021-02-15 15:16:32,32
2021-02-15 15:17:32,31
2021-02-15 15:18:32,31
2021-02-15 15:19:32,31
2021-02-15 15:20:32,31
2021-02-15 15:21:32,31
2021-02-15 15:22:32,32
2021-02-15 15:23:32,31
2021-02-15 15:24:32,31
2021-02-15 15:25:32,31
2021-02-15 15:26:32,31
2021-02-15 15:27:32,31
2021-02-15 15:28:32,31
2021-02-15 15:29:32,31
2021-02-15 15:30:32,31
2021-02-15 15:31:32,31
2021-02-15 15:32:32,30
2021-02-15 15:33:32,31
2021-02-15 15:34:32,30
2021-02-15 15:35:32,30
2021-02-15 15:36:32,30
2021-02-15 15:37:32,30
2021-02-15 15:38:32,30
2021-02-15 15:39:32,29
2021-02-15 15:40:32,29
2021-02-15 15:41:32,29
2021-02-15 15:42:32,30
2021-02-15 15:43:32,29
2021-02-15 15:44:32,29
2021-02-15 15:45:32,29
2021-02-15 15:46:32,29
2021-02-15 15:47:32,29
2021-02-15 15:48:32,29
2021-02-15 15:49:32,28
2021-02-15 15:50:32,29
2021-02-15 15:51:32,28
2021-02-15 15:52:32,29
2021-02-15 15:53:32,28
2021-02-15 15:54:32,28
2021-02-15 15:55:32,28
2021-02-15 15:56:32,29
2021-02-15 15:57:32,29
2021-02-15 15:58:32,29
2021-02-15 15:59:32,29
2021-02-15 16:00:32,29
2021-02-15 16:01:32,29
2021-02-15 16:02:32,29
2021-02-15 16:03:32,29
2021-02-15 16:04:32,29
2021-02-15 16:05:32,28
2021-02-15 16:06:32,28
2021-02-15 16:07:32,28
2021-02-15 16:08:32,28
2021-02-15 16:09:32,28
2021-02-15 16:10:32,29
2021-02-15 16:11:32,29
2021-02-15 16:12:32,29
2021-02-15 16:13:32,29
2021-02-15 16:14:32,29
2021-02-15 16:15:32,29
2021-02-15 16:16:32,29
2021-02-15 16:17:32,29
2021-02-15 16:18:32,29
2021-02-15 16:19:32,30
2021-02-15 16:20:32,30
2021-02-15 16:21:32,30
2021-02-15 16:22:32,29
2021-02-15 16:23:32,29
2021-02-15 16:24:32,30
2021-02-15 16:25:32,29
2021-02-15 16:26:32,29
2021-02-15 16:27:32,29
2021-02-15 16:28:32,29
2021-02-15 16:29:32,29
2021-02-15 16:30:32,29
2021-02-15 16:31:32,30
2021-02-15 16:32:32,29
2021-02-15 16:33:32,29
2021-02-15 16:34:32,29
2021-02-15 16:35:32,29
2021-02-15 16:36:32,29
2021-02-15 16:37:32,28
2021-02-15 16:38:32,28
2021-02-15 16:39:32,27
2021-02-15 16:40:32,28
2021-02-15 16:41:32,28
2021-02-15 16:42:32,28
2021-02-15 16:43:32,28
2021-02-15 16:44:32,28
2021-02-15 16:45:32,27
2021-02-15 16:46:32,28
2021-02-15 16:47:32,27
2021-02-15 16:48:32,27
2021-02-15 16:49:32,27
2021-02-15 16:50:32,27
2021-02-15 16:51:32,27
2021-02-15 16:52:32,27
2021-02-15 16:53:32,27
2021-02-15 16:54:32,27
2021-02-15 16:55:32,28
2021-02-15 16:56:32,28
2021-02-15 16:57:32,28
2021-02-15 16:58:32,27
2021-02-15 16:59:32,28
2021-02-15 17:00:32,28
2021-02-15 17:01:32,28
2021-02-15 17:02:32,28
2021-02-15 17:03:32,28
2021-02-15 17:04:32,28
2021-02-15 17:05:32,28
2021-02-15 17:06:32,28
2021-02-15 17:07:32,28
2021-02-15 17:08:32,28
2021-02-15 17:09:32,28
2021-02-15 17:10:32,28
2021-02-15 17:11:32,28
2021-02-15 17:12:32,28
2021-02-15 17:13:32,28
2021-02-15 17:14:32,28
2021-02-15 17:15:32,28
2021-02-15 17:16:32,28
2021-02-15 17:17:32,28
2021-02-15 17:18:32,28
2021-02-15 17:19:32,28
2021-02-15 17:20:32,28
2021-02-15 17:21:32,28
2021-02-15 17:22:32,28
2021-02-15 17:23:32,28
2021-02-15 17:24:32,29
2021-02-15 17:25:32,29
2021-02-15 17:26:32,29
2021-02-15 17:27:32,29
2021-02-15 17:28:32,29
2021-02-15 17:29:32,29
2021-02-15 17:30:32,30
2021-02-15 17:31:32,29
2021-02-15 17:32:32,30
2021-02-15 17:33:32,30
2021-02-15 17:34:32,30
2021-02-15 17:35:32,29
2021-02-15 17:36:32,29
2021-02-15 17:37:32,30
2021-02-15 17:38:32,29
2021-02-15 17:39:32,30
2021-02-15 17:40:32,30
2021-02-15 17:41:32,30
2021-02-15 17:42:32,30
2021-02-15 17:43:32,31
2021-02-15 17:44:32,30
2021-02-15 17:45:32,30
2021-02-15 17:46:32,30
2021-02-15 17:47:32,30
2021-02-15 17:48:32,30
2021-02-15 17:49:32,30
2021-02-15 17:50:32,31
2021-02-15 17:51:32,30
2021-02-15 17:52:32,30
2021-02-15 17:53:32,30
2021-02-15 17:54:32,30
2021-02-15 17:55:32,30
2021-02-15 17:56:32,30
2021-02-15 17:57:32,30
2021-02-15 17:58:32,30
2021-02-15 17:59:32,30
2021-02-15 18:00:32,30
2021-02-15 18:01:32,30
2021-02-15 18:02:32,30
2021-02-15 18:03:32,30
2021-02-15 18:04:32,30
2021-02-15 18:05:32,30
2021-02-15 18:06:32,30
2021-02-15 18:07:32,30
2021-02-15 18:08:32,30
2021-02-15 18:09:32,31
2021-02-15 18:10:32,30
2021-02-15 18:11:32,30
2021-02-15 18:12:32,30
2021-02-15 18:13:32,31
2021-02-15 18:14:32,31
2021-02-15 18:15:32,31
2021-02-15 18:16:32,31
2021-02-15 18:17:32,30
2021-02-15 18:18:32,30
2021-02-15 18:19:32,30
2021-02-15 18:20:32,30
2021-02-15 18:21:32,30
2021-02-15 18:22:32,30
2021-02-15 18:23:32,31
2021-02-15 18:24:32,31

